Author,uTime,Text
Jumia,1588690919,Qui a essayé le nouvel emoji  Suiveznous par ici  httpsbddy.me2xCtCyh  Voir loriginal  Notez cette traduction
Jumia,1588687245,أعمل أفار من هنا httpsbddy.me3fmtdku و يوصلك لباب الدار  Voir la traduction
Jumia,1588683651,الطقس تحسن وقيت باش تبدى تخمم في Barbecue بسوم باهي httpsbddy.me3fiTX5H  Voir la traduction
Jumia,1588680034,ألف مبروك  ما تنساوش إلي كل نهار إثنين اربعاء و جمعة فما ربح و لعبة جديدة على ال Application جوميا  httpsbddy.me2z8i86f   ملاحظة المشاركة عن طريق les messages privés أو في أي Publication أخرى بخلاف إلي مخصصة للعبة راهو مهمش محسوبين شكرا على تفهمكم  Voir la traduction
Jumia,1588676416,إلي تستحقوا لدارك الكل في بلاصة وحدة  httpsbddy.me3b2GNGp  Voir la traduction
Jumia,1588673204,منتوجات Henkel الكل تلقاوهم هنا  httpsbit.ly2YBgkNN و يوصلوك قدام باب دارك  Voir la traduction
Jumia,1588618867,كمندي إلي تستحقوا باش تعمل في دارك من هنا  httpsbddy.me35zQefA  Voir la traduction
Jumia,1588604442,اقلب الكارطة و جرب زهرك باش إنت تربح ال Syinix Microonde four  كيفاش   1. أدخل للعبة  httpsbddy.me3b3NN62  2. ألقا الكوارط إلي كيف كيف  3. أعمل كابتور في كومانتير باش تدخل في القرعة و تربح  Afficher la suite Voir la traduction
Jumia,1588600828,موعدنا ساعة أخرى في لعبة اقلب الكارطة و اربح ال Syinix Microonde four  تلشرجيو ال App من هنا  httpsbddy.me2YuR6k0 و إستناونا  كادو اليوم من إهداء RANY تابعونا من هنا  httpsbddy.me2YyFJYi  Voir la traduction
Jumia,1588597213,صنف و تفنن و كمندي إلي لازمك من هنا  httpsbddy.me2WorTFb  Voir la traduction
Jumia,1588593635,قضية دارك توصلك قدام باب الدار كمندي من هنا  httpsbddy.me35w8BBK  Voir la traduction
Jumia,1588590008,Indice par ici  httpsbddy.me2YCUz05   Voir loriginal  Notez cette traduction
Jumia,1588586432,مسؤولية كبيرة لازم نكونوا قدها  حاجات بسيطة نتجنبوها باش نحميو رواحنا و العزاز علينا  تابعوا النصائح هنا  httpsbddy.me3fjl8Nu باش تحميو رواحكم  Voir la traduction
Jumia,1588536012,موعدنا غدوة كيف العادة 16h  ربح جديد من إهداء RANY شوفو البوتيك متاعو من هنا  httpsbddy.me2SwMG8k  تلشرجيو الApp و إستناونا  httpsbddy.me2SyiQ3n  Voir la traduction
Jumia,1588518015,شكون ينجم يطلع التشنشينة هاذي  ...إكتب الجواب في كومونتار  تابعونا من هنا  httpsbddy.me2SwidY7  Voir la traduction
Jumia,1588505407,Votez للحاجة الحلوة المفضلة  كل شيء تستحقوه للكوجينة و التصنيف موجود هنا  httpsbddy.me2z6bmh0  Voir la traduction
Jumia,1588449613,Quand vous regardez la soirée  Suiveznous par ici  httpsbddy.me3fe9mnG   Voir loriginal  Notez cette traduction
Jumia,1588431631,الليلة دبارة السحور مع Seima  تابعونا ال11 متع الليل في Live جديد على إنستجرام جوميا  httpsbddy.me2Whlg7K  Voir la traduction
Jumia,1588420817,ألف مبروك  ما تنساوش إلي ديما فما ربح و Des Jeux مازالوا جايين شوفو من هنا  httpsbddy.me2KYgxSR  شنوا مازال يستنى فيكم  ملاحظة المشاركة عن طريق les messages privés أو في أي Publication أخرى بخلاف إلي مخصصة للعبة راهو مهمش محسوبين شكرا على تفهمكم  Voir la traduction
Jumia,1588411813,"Distraire ton âme quand tu es dans ta maison, comme un mendy par ici  httpsbddy.me3flHv58   Voir loriginal  Notez cette traduction"
Jumia,1588345223,دور العجلة و جرب زهرك باش إنت تربح ال NOKIA2.2  كيفاش   1. أدخل للعبة من  httpsbddy.me2YnLA2z  2. إنزل على  Lancer   3. أعمل كابتور في كومانتير في ال Publication هاذي على الكادوا إلي طلعلك  Afficher la suite Voir la traduction
Jumia,1588341639,Tu veux gagner le Nokia 2.2   Encore une heure et un jeu de rôle et je gagne  Notre appel  httpsbddy.me3f7vHmN   Voir loriginal  Notez cette traduction
Jumia,1588336219,اللهم أكتب لنا في يوم الجمعه في رمضان اليسر لمن يعاني من العسر والراحة لمن به هم والسعادة للمحزون والشفاء للمريض والإجابة لمن دعا  جوميا تتمنى لكم جمعة مباركة   Voir la traduction
Jumia,1588332618,مركي صاحبك عيد ميلادو في ماي و قلو يختار كادو من هنا  httpsbddy.me2KRPBUQ   Voir la traduction
Jumia,1588329079,Aujourdhui 1 mai journée mondiale du travail  Tous mes remerciements et chaque année vous êtes des héros   Voir loriginal  Notez cette traduction
Jumia,1588276822,تلشرجيو الApp و إستناونا غدوة 16h في لعبة تحبوها من هنا  httpsbddy.me3bQt9HC  غدوة فما تاليفون Nokia 2.2 للربح من إهداء RANY تابعونا من هنا  httpsbddy.me2yZMpUs  Voir la traduction
Jumia,1588273234,شنوا أول حاجة بعد شقان الفطر  أي حاجة تستحقها للسهرية موجودة هنا  httpsbddy.me2Yhlm1L  Voir la traduction
Jumia,1588258836,قلقت مالقعدتة فالدار   تحب تربح فلوس   تكتشف عالم التجارة الالكترونية وتكتسب مهارات جدد  جي فورس يوفرلك الفرصة بش تكون سفير جوميا   إنخرط في برنامج جي فورس عن طريق هذا الرابط httpsbddy.me2yeOLyL Voir la traduction
Jumia,1588255268,مستلزمات كوجينتك الكل من هنا  httpsbddy.me3d3kH8g  Voir la traduction
Jumia,1588251644,شوفو من هنا  httpsbddy.me3cZeTwo و قولولنا شنوا تختاروا  Voir la traduction
Jumia,1588248034,ألف مبروك للرابح  ما تنساوش إلي ديما فما ربح و Des Jeux مازالوا جايين شوفو من هنا  httpsbddy.me3f1ib46  شنوا مازال يستنى فيكم  ملاحظة المشاركة عن طريق les messages privés أو في أي Publication أخرى بخلاف إلي مخصصة للعبة راهو مهمش محسوبين شكرا على تفهمكم  Voir la traduction
Jumia,1588244411,كمندي إلي تستحقوا لدارك من هنا  httpsbddy.me3f6OkaA  و بأعز الأسوام Voir la traduction
Jumia,1588240827,إلي تستحقو الكل تلقاه في بلاصة وحدة  httpsbddy.me2zJR8Ky  Voir la traduction
Jumia,1588172424,اقلب الكارطة و جرب زهرك باش إنت تربح ال Blender  كيفاش   1. أدخل للعبة  الرابط في أول كومنت  2. ألقا الكوارط إلي كيف كيف  3. أعمل كابتور في كومانتير باش تدخل في القرعة و تربح  Afficher la suite Voir la traduction
Jumia,1588169977,موعدنا ساعة أخرى في لعبة اقلب الكارطة و اربح ال Blender  تلشرجيو ال App من هنا  httpsbddy.me2Wdkbhf و إستناونا  كادو اليوم من إهداء RANY تابعونا من هنا  httpsbddy.me2W7NSAe  Voir la traduction
Jumia,1588166116,فيبالك إلي تنجم تشري Abonnement Jumia وتتمتع ببرشا des avantages منهم التوصيل المجاني لمنتجات Jumia Express  لمزيد التفاصيل على جوميا Prime من هنا  httpsbddy.me2KHS1Fs هاذي خدمة مسبقة الدفع   جوميا Prime ينجمو يتمتعوا بيها متساكني تونس الكبرى فقط وكان على Les produits جوميا Express  Voir la traduction
Jumia,1588163602,مركي شكون ديما يصنف في رمضان  كل شيء تستحقوا لكوجينتك باش تصنف موجود هنا httpsbddy.me3bPLlRH  Voir la traduction
Jumia,1588158222,ماكلتهم توصلك لباب دارك كمندي من هنا  httpsbddy.me2Si5nN0  Voir la traduction
Jumia,1588155151,بكليك من هنا  httpsbddy.me2Ys1aKL إلي حاشتك بيه الكل يكون بين يديك  Voir la traduction
Jumia,1588104030,Qui peut trouver le bon code   je taime  Suiveznous par ici  httpsbddy.me2ShrKlJ   Voir loriginal  Notez cette traduction
Jumia,1588100588,تلشرجيو الApp و إستناونا غدوة 16h في لعبة جديدة و cadeau جديد من إهداء RANY تابعونا من هنا  httpsbddy.me3cX9Oop  Voir la traduction
Jumia,1588086027,أعمل أفار مع RANY و كمندي من هنا  httpsbddy.me2YfKypg و إلا كلمنا على نومرونا باش تكمندي 31320903   Voir la traduction
Jumia,1588082418,مصلحة الحرفاء على ذمتكم في شهر رمضان  باش تكمنديو على نومرونا 31.320.903  Voir la traduction
Jumia,1588078853,موعدنا 16h30 مع Coach مهدي باش يعمللنا séance de sport en direct على أنستجرام جوميا  httpsbddy.me2Scr0hx  فما Surprise تستنى فيكم  كونوا في الموعد  Voir la traduction
Jumia,1588075238,ألف مبروك للرابحة  ما تنساوش إلي ديما فما ربح و Des Jeux مازالوا جايين شوفو من هنا  httpsbddy.me2YczcCp  شنوا مازال يستنى فيكم  ملاحظة المشاركة عن طريق les messages privés أو في أي Publication أخرى بخلاف إلي مخصصة للعبة راهو مهمش محسوبين شكرا على تفهمكم  Voir la traduction
Jumia,1588072634,أفار هبال لمحبي القهوة من TORRIE  على كل كوماند تعديها من Boutique TORRIE عندك باكو café turc بلاش  كمندي من هنا  httpsbddy.me3eUrUZY  Voir la traduction
Jumia,1588068586,التاليفون الجديد من Infinix حصريا على جوميا   أفضل Pop up Selfie وصل أخيرا بمواصفات هايلة   كاميرا سيلفي 40 ميغا بيكسل   بطارية قوية 4000 مللي امبير  كمندي من هنا  httpsbddy.me2Yevc4b و إلا كلمنا على نومرونا باش تكمندي 31320903  و التوصيل مجاني  Afficher la suite Voir la traduction
Jumia,1587999642,دور العجلة و جرب زهرك باش إنت تربح ال Syinix Microonde four  كيفاش   1. أدخل للعبة من  httpsbddy.me3bHkt6x  2. إنزل على  Lancer   3. أعمل كابتور في كومانتير في ال Publication هاذي على الكادوا إلي طلعلك  Afficher la suite Voir la traduction
Jumia,1587996070,ابدى الجمعة بربح جديد  اليوم عنا Syinix Microonde four للربح  موعدنا ساعة أخرى في لعبة دور و اربح  تلشرجيو ال App من هنا  httpsbddy.me357WryW و إستناونا  Voir la traduction
Jumia,1587992412,Votez لدبارة اليوم  كل شيء تستحقوا لكوجينتك موجود هنا  httpsbddy.me2KzWYAn  Voir la traduction
Jumia,1587991013,باش تتلهى بروحك و إنت في الدار  كمندي من هنا  httpsbddy.me2KIIhL7 و إلا كلمنا على نومرونا باش تكمندي 31320903  Voir la traduction
Jumia,1587987017,تاليفونك بكليك يجيك من هنا  httpsbddy.me3eTAsjR  و إلا كلمنا على نومرونا باش تكمندي 31320903  Voir la traduction
Jumia,1587983410,إلي تستحقوا الكل في بلاصة وحدة و يوصلك قدام باب دارك  httpsbddy.me2VGRvhq  Voir la traduction
Jumia,1587929408,طلعوا شنوا باش تربحو غدوة   Indice من هنا  httpsbddy.me2SbC3HX تلشرجيو ال App و إستناونا  Voir la traduction
Jumia,1587913224,Qui peut connaître la bonne personne  Suiveznous par ici  httpsbddy.me2yOF364  Voir loriginal  Notez cette traduction
Jumia,1587906017,قلنا في كومانتير كيفاش تعدي نهار الأحد و إنت صايم  تابعونا من هنا  httpsbddy.me2zwPCeE  Voir la traduction
Jumia,1587895220,كمندي خضرة وغلة فرشكة توصلك حتى لباب دارك على جوميا Food من هنا  httpsbddy.me3cKYD23 Voir la traduction
Jumia,1587843012,مركي شكون تعرفوا يعارك على غسيل الماعون  تابعونا من هنا httpsbddy.me2zwm1lx  Voir la traduction
Jumia,1587826817,Ils ont vu la bonne ride  Suiveznous par ici  httpsbddy.me3az3D8x   Voir loriginal  Notez cette traduction
Jumia,1587823228,Pour ne pas perdre la douche de fitness et garder notre santé  ce soir coach Mehdi pour nous faire une séance de sport en direct sur instagram jumia à h du soir  httpsbddy.me2W1oJap  Taguez votre ami et noubliez pas le rendezvous ce soir   Voir loriginal  Notez cette traduction
Jumia,1587816012,ألف مبروك للرابح  ما تنساوش إلي ديما فما ربح و Des Jeux مازالوا جايين شوفو من هنا  httpsbddy.me2Vz6kma  شنوا مازال يستنى فيكم رمضان مبروك و كل عام وانتوما حيين بخيير Voir la traduction
Jumia,1587808811,On a dit que vous regardez  Suiveznous par ici  httpsbddy.me2KznXfe  Voir loriginal  Notez cette traduction
Jumia,1587747602,كامل فريق عمل جوميا يتمناولكم رمضان كريم  كل عام وانتم بخير  Voir la traduction
Jumia,1587740482,اقلب الكارطة و جرب زهرك باش إنت تربح ال IKU A20  كيفاش   1. أدخل من هنا للعبة  httpsbddy.me350DYo5  2. ألقا الكوارط إلي كيف كيف  3. أعمل كابتور في كومانتير باش تدخل في القرعة و تربح  Afficher la suite Voir la traduction
Jumia,1587736862,ابدى رمضان بتاليفون جديد من جوميا  موعدنا ساعة أخرى في لعبة اقلب و اربح التاليفون IKU A20  تلشرجيو ال App من هنا  httpsbddy.me2XYLmPf و إستناونا  Voir la traduction
Jumia,1587733242,Comment comptezvous le temps avant que les champignons ne se fassent   je taime  Suiveznous par ici  httpsbddy.me2Y3fXv8  Voir loriginal  Notez cette traduction
Jumia,1587729699,فكر وقولنا في تعليق توقعك لسعر INFINIX S5Pro الجديد  تابعونا من هنا  httpsbddy.me2VTwlf1  Voir la traduction
Jumia,1587726023,جوميا تتمنى لكم جمعة مباركة  Voir la traduction
Jumia,1587722408,مصلحة الحرفاء على ذمتكم في شهر رمضان  باش تكمنديو على نومرونا 31.320.903  عندك أي سؤال أو إستفسار  تنجم تشوف الFAQ إلي موجودين هنا  httpsbddy.me2VRr9YU و إلا تنجموا تتواصلو معانا عن طريق ملء الاستمارة هاذي httpsbddy.me2VVssWF كل عام وانتم بخير  Voir la traduction
